asn,filtering,confidence,source
174,peers,1,cloudflare
174,all,0.2,tma
286,peers,1,cloudflare
553,peers,1,cloudflare
786,peers,1,cloudflare
852,peers,1,cloudflare
852,all,0.663551,rov.rpki.net
1103,all,0.957895,rov.rpki.net
1136,peers,1,cloudflare
1140,all,0.962667,rov.rpki.net
1200,all,1,tma
1213,peers,1,cloudflare
1221,peers,1,cloudflare
1239,peers,1,cloudflare
1241,all,1,tma
1299,peers,1,cloudflare
1299,all,0.2,tma
1403,peers,1,cloudflare
1764,peers,1,cloudflare
1798,all,0.117986,rov.rpki.net
2119,peers,1,cloudflare
2497,all,1,cloudflare
2611,peers,1,cloudflare
2852,peers,1,cloudflare
2860,peers,1,cloudflare
2906,peers,1,cloudflare
2914,peers,1,cloudflare
2914,all,0.2,tma
3130,all,0.00434783,rov.rpki.net
3252,all,0.810976,rov.rpki.net
3257,peers,1,cloudflare
3257,all,0.2,tma
3265,peers,1,cloudflare
3265,all,1,tma
3267,all,0.902857,rov.rpki.net
3280,all,0.0735294,rov.rpki.net
3292,peers,1,cloudflare
3303,peers,1,cloudflare
3303,all,1,tma
3303,all,0.0515021,rov.rpki.net
3356,peers,1,cloudflare
3399,peers,1,cloudflare
3462,peers,1,cloudflare
3491,peers,1,cloudflare
4764,peers,1,cloudflare
4826,peers,1,cloudflare
5089,peers,1,cloudflare
5394,all,0.952113,rov.rpki.net
5413,all,0.00429185,rov.rpki.net
5511,peers,1,cloudflare
5539,peers,1,cloudflare
6079,peers,1,cloudflare
6453,peers,1,cloudflare
6830,all,1,cloudflare
6866,peers,1,cloudflare
6871,peers,1,cloudflare
6939,peers,1,cloudflare
6939,all,1,tma
6939,all,0.97644,rov.rpki.net
7018,all,1,cloudflare
7195,peers,1,cloudflare
7575,all,0.127168,rov.rpki.net
7642,peers,1,cloudflare
7713,all,0.963061,rov.rpki.net
7922,peers,1,cloudflare
8075,peers,1,cloudflare
8194,all,0.2,tma
8218,all,0.118026,rov.rpki.net
8283,peers,1,cloudflare
8283,all,1,tma
8283,all,0.935841,rov.rpki.net
8359,all,0.2,tma
8492,all,0.552217,rov.rpki.net
8758,all,0.753754,rov.rpki.net
8764,all,0.2,tma
8767,peers,1,cloudflare
9002,peers,1,cloudflare
9136,peers,1,cloudflare
9304,all,0.836601,rov.rpki.net
9443,peers,1,cloudflare
10026,all,0.85,rov.rpki.net
11537,all,0.2,tma
11708,all,0.283737,rov.rpki.net
12297,all,0.2,tma
12337,peers,1,cloudflare
12576,peers,1,cloudflare
12637,all,0.856209,rov.rpki.net
12779,all,0.971053,rov.rpki.net
12859,all,0.947368,rov.rpki.net
12876,peers,1,cloudflare
13188,peers,1,cloudflare
13237,all,0.89759,rov.rpki.net
13335,peers,1,cloudflare
13786,all,0.0416667,rov.rpki.net
14061,all,1,cloudflare
14282,peers,1,cloudflare
14525,peers,1,cloudflare
14840,all,0.386842,rov.rpki.net
14907,peers,1,cloudflare
14907,all,0.880795,rov.rpki.net
15435,peers,1,cloudflare
15435,all,0.854305,rov.rpki.net
15547,all,0.864035,rov.rpki.net
15576,peers,1,cloudflare
16347,all,0.0424107,rov.rpki.net
16509,peers,1,cloudflare
16552,all,0.925,rov.rpki.net
17147,peers,1,cloudflare
17451,peers,1,cloudflare
17639,all,0.0726644,rov.rpki.net
18106,peers,1,cloudflare
18106,all,1,tma
18106,all,0.751783,rov.rpki.net
18209,peers,1,cloudflare
19016,all,0.269444,rov.rpki.net
20562,all,0.863839,rov.rpki.net
20764,all,0.305907,rov.rpki.net
20766,all,0.894118,rov.rpki.net
20932,all,0.285088,rov.rpki.net
20953,all,0.968,rov.rpki.net
20965,peers,1,cloudflare
22773,peers,1,cloudflare
23106,all,0.191781,rov.rpki.net
24309,peers,1,cloudflare
24482,all,0.885496,rov.rpki.net
24516,all,0.55409,rov.rpki.net
24875,all,0.942105,rov.rpki.net
24961,all,0.635135,rov.rpki.net
25091,all,0.868421,rov.rpki.net
25160,all,0.829646,rov.rpki.net
25220,all,0.852321,rov.rpki.net
25227,all,0.00234742,rov.rpki.net
25369,peers,1,cloudflare
27400,peers,1,cloudflare
28126,peers,1,cloudflare
28186,peers,1,cloudflare
28220,all,0.028133,rov.rpki.net
28260,all,0.25,rov.rpki.net
28263,peers,1,cloudflare
28329,peers,1,cloudflare
28634,all,0.0732759,rov.rpki.net
28792,all,0.266667,rov.rpki.net
28917,all,0.75502,rov.rpki.net
29075,all,0.85209,rov.rpki.net
29140,all,0.697674,rov.rpki.net
29208,all,1,tma
29413,peers,1,cloudflare
29467,all,0.930556,rov.rpki.net
29518,peers,1,cloudflare
29695,peers,1,cloudflare
30132,all,0.850549,rov.rpki.net
30736,peers,1,cloudflare
30781,peers,1,cloudflare
30781,all,1,tma
30844,all,0.725191,rov.rpki.net
31019,all,0.968421,rov.rpki.net
31424,all,0.854077,rov.rpki.net
31472,peers,1,cloudflare
32097,all,0.294118,rov.rpki.net
33891,peers,1,cloudflare
33986,peers,1,cloudflare
34019,all,0.971014,rov.rpki.net
34177,all,0.857143,rov.rpki.net
34224,all,0.927505,rov.rpki.net
34288,all,0.898571,rov.rpki.net
34968,all,0.947368,rov.rpki.net
35280,peers,1,cloudflare
35432,peers,1,cloudflare
35612,peers,1,cloudflare
36236,all,0.893162,rov.rpki.net
36351,all,0.170807,rov.rpki.net
36352,peers,1,cloudflare
37100,all,1,tma
37100,all,0.900826,rov.rpki.net
37468,all,0.925234,rov.rpki.net
37497,all,0.846269,rov.rpki.net
37697,all,0.00961538,rov.rpki.net
38001,all,0.7,rov.rpki.net
38880,all,0.970588,rov.rpki.net
39120,all,0.947735,rov.rpki.net
39122,all,0.913121,rov.rpki.net
39351,all,0.756798,rov.rpki.net
39591,all,0.951219,rov.rpki.net
39839,peers,1,cloudflare
41000,peers,1,cloudflare
41164,peers,1,cloudflare
41327,all,0.644599,rov.rpki.net
42541,all,0.930693,rov.rpki.net
42831,peers,1,cloudflare
42861,all,0.886957,rov.rpki.net
43376,all,0.894737,rov.rpki.net
43578,all,0.00235849,rov.rpki.net
43607,all,0.0344828,rov.rpki.net
44530,peers,1,cloudflare
45177,peers,1,cloudflare
45352,all,0.885222,rov.rpki.net
46664,peers,1,cloudflare
46997,all,0.723404,rov.rpki.net
47147,peers,1,cloudflare
47147,all,0.927336,rov.rpki.net
47441,all,0.666667,rov.rpki.net
47524,peers,1,cloudflare
48292,all,0.6,rov.rpki.net
48362,all,0.865546,rov.rpki.net
48526,all,0.522565,rov.rpki.net
49375,all,0.5,rov.rpki.net
49463,all,0.4,rov.rpki.net
49605,all,0.867102,rov.rpki.net
49697,all,0.0106762,rov.rpki.net
49709,all,1.0,rov.rpki.net
49752,all,0.00361011,rov.rpki.net
50300,all,0.753754,rov.rpki.net
50304,all,0.878788,rov.rpki.net
50581,all,0.2,tma
50673,all,0.851724,rov.rpki.net
50763,all,0.801105,rov.rpki.net
51088,peers,1,cloudflare
51088,all,0.971053,rov.rpki.net
51185,all,0.87963,rov.rpki.net
51999,peers,1,cloudflare
52320,all,0.691589,rov.rpki.net
52873,peers,1,cloudflare
53828,all,0.127143,rov.rpki.net
54455,peers,1,cloudflare
54825,all,1,cloudflare
55536,peers,1,cloudflare
55805,peers,1,cloudflare
56655,peers,1,cloudflare
56665,all,0.881944,rov.rpki.net
57111,all,0.80814,rov.rpki.net
57463,all,0.855051,rov.rpki.net
58057,all,0.0625,rov.rpki.net
58511,all,0.974922,rov.rpki.net
58820,peers,1,cloudflare
59605,all,0.211454,rov.rpki.net
60422,peers,1,cloudflare
60501,all,0.909836,rov.rpki.net
60876,peers,1,cloudflare
61317,all,1,cloudflare
61568,all,0.2,tma
61568,all,0.0104712,rov.rpki.net
61785,peers,1,cloudflare
61955,all,0.173333,rov.rpki.net
63023,peers,1,cloudflare
63927,all,0.966102,rov.rpki.net
63956,all,0.102874,rov.rpki.net
64271,all,0.88125,rov.rpki.net
132335,peers,1,cloudflare
198290,all,0.00223214,rov.rpki.net
199524,all,0.96,rov.rpki.net
199938,all,0.870748,rov.rpki.net
200130,all,0.0238095,rov.rpki.net
203900,all,0.683544,rov.rpki.net
204151,peers,1,cloudflare
205668,peers,1,cloudflare
207841,peers,1,cloudflare
211562,peers,1,cloudflare
262659,peers,1,cloudflare
263009,all,0.96,rov.rpki.net
263444,peers,1,cloudflare
264130,peers,1,cloudflare
265656,peers,1,cloudflare
266534,all,0.0428571,rov.rpki.net
267613,all,0.133333,rov.rpki.net
327960,all,0.0245098,rov.rpki.net
393891,peers,1,cloudflare
394256,peers,1,cloudflare
397143,peers,1,cloudflare
397388,peers,1,cloudflare
199333,all,1,synthetic
58750,all,1,synthetic
397048,all,1,synthetic
149305,all,1,synthetic
268258,all,1,synthetic
30185,all,1,synthetic
61506,all,1,synthetic
21628,all,1,synthetic
36011,all,1,synthetic
44298,all,1,synthetic
205738,all,1,synthetic
38417,all,1,synthetic
264433,all,1,synthetic
58481,all,1,synthetic
139611,all,1,synthetic
264014,all,1,synthetic
197230,all,1,synthetic
212841,all,1,synthetic
327742,all,1,synthetic
205188,all,1,synthetic
22145,all,1,synthetic
56234,all,1,synthetic
204879,all,1,synthetic
140603,all,1,synthetic
35658,all,1,synthetic
137478,all,1,synthetic
136741,all,1,synthetic
46504,all,1,synthetic
206187,all,1,synthetic
211239,all,1,synthetic
36043,all,1,synthetic
201603,all,1,synthetic
149405,all,1,synthetic
63796,all,1,synthetic
268812,all,1,synthetic
131964,all,1,synthetic
271467,all,1,synthetic
29656,all,1,synthetic
197608,all,1,synthetic
50880,all,1,synthetic
63,all,1,synthetic
37357,all,1,synthetic
14064,all,1,synthetic
3390,all,1,synthetic
23271,all,1,synthetic
202112,all,1,synthetic
12628,all,1,synthetic
269088,all,1,synthetic
16641,all,1,synthetic
211326,all,1,synthetic
63486,all,1,synthetic
33683,all,1,synthetic
136190,all,1,synthetic
4549,all,1,synthetic
38681,all,1,synthetic
208071,all,1,synthetic
400154,all,1,synthetic
41935,all,1,synthetic
53990,all,1,synthetic
41655,all,1,synthetic
196944,all,1,synthetic
398954,all,1,synthetic
210958,all,1,synthetic
45929,all,1,synthetic
8867,all,1,synthetic
397422,all,1,synthetic
45324,all,1,synthetic
266157,all,1,synthetic
269212,all,1,synthetic
264566,all,1,synthetic
12441,all,1,synthetic
12175,all,1,synthetic
139529,all,1,synthetic
400716,all,1,synthetic
36008,all,1,synthetic
267858,all,1,synthetic
58700,all,1,synthetic
202730,all,1,synthetic
207123,all,1,synthetic
199102,all,1,synthetic
204811,all,1,synthetic
207093,all,1,synthetic
41183,all,1,synthetic
136008,all,1,synthetic
53881,all,1,synthetic
394609,all,1,synthetic
327833,all,1,synthetic
199952,all,1,synthetic
204526,all,1,synthetic
44778,all,1,synthetic
209596,all,1,synthetic
44033,all,1,synthetic
137000,all,1,synthetic
50281,all,1,synthetic
19155,all,1,synthetic
206539,all,1,synthetic
62493,all,1,synthetic
398455,all,1,synthetic
46648,all,1,synthetic
398074,all,1,synthetic
48025,all,1,synthetic
199397,all,1,synthetic
394151,all,1,synthetic
56400,all,1,synthetic
269596,all,1,synthetic
133274,all,1,synthetic
62634,all,1,synthetic
23852,all,1,synthetic
328106,all,1,synthetic
137472,all,1,synthetic
271481,all,1,synthetic
53241,all,1,synthetic
2875,all,1,synthetic
43625,all,1,synthetic
205911,all,1,synthetic
398866,all,1,synthetic
51799,all,1,synthetic
394913,all,1,synthetic
48429,all,1,synthetic
139433,all,1,synthetic
43779,all,1,synthetic
28920,all,1,synthetic
265911,all,1,synthetic
212606,all,1,synthetic
395531,all,1,synthetic
132438,all,1,synthetic
15823,all,1,synthetic
12012,all,1,synthetic
138954,all,1,synthetic
133116,all,1,synthetic
63260,all,1,synthetic
208461,all,1,synthetic
132519,all,1,synthetic
31975,all,1,synthetic
268592,all,1,synthetic
18297,all,1,synthetic
15208,all,1,synthetic
49301,all,1,synthetic
25508,all,1,synthetic
142632,all,1,synthetic
137876,all,1,synthetic
2504,all,1,synthetic
268564,all,1,synthetic
329066,all,1,synthetic
13460,all,1,synthetic
395972,all,1,synthetic
56407,all,1,synthetic
198644,all,1,synthetic
206675,all,1,synthetic
141879,all,1,synthetic
51208,all,1,synthetic
211234,all,1,synthetic
134765,all,1,synthetic
51455,all,1,synthetic
199440,all,1,synthetic
24732,all,1,synthetic
17608,all,1,synthetic
399791,all,1,synthetic
33240,all,1,synthetic
142283,all,1,synthetic
35618,all,1,synthetic
30574,all,1,synthetic
43251,all,1,synthetic
38722,all,1,synthetic
22247,all,1,synthetic
26054,all,1,synthetic
198576,all,1,synthetic
264021,all,1,synthetic
42614,all,1,synthetic
782,all,1,synthetic
57216,all,1,synthetic
24157,all,1,synthetic
396117,all,1,synthetic
19643,all,1,synthetic
16760,all,1,synthetic
209903,all,1,synthetic
25653,all,1,synthetic
20179,all,1,synthetic
26206,all,1,synthetic
209350,all,1,synthetic
48336,all,1,synthetic
47300,all,1,synthetic
54754,all,1,synthetic
396462,all,1,synthetic
30987,all,1,synthetic
49587,all,1,synthetic
93,all,1,synthetic
263053,all,1,synthetic
24023,all,1,synthetic
16711,all,1,synthetic
48604,all,1,synthetic
135791,all,1,synthetic
202600,all,1,synthetic
138841,all,1,synthetic
30981,all,1,synthetic
29949,all,1,synthetic
53598,all,1,synthetic
31354,all,1,synthetic
50426,all,1,synthetic
265119,all,1,synthetic
136911,all,1,synthetic
149324,all,1,synthetic
141129,all,1,synthetic
40215,all,1,synthetic
36792,all,1,synthetic
138739,all,1,synthetic
58434,all,1,synthetic
203411,all,1,synthetic
37441,all,1,synthetic
22294,all,1,synthetic
267525,all,1,synthetic
64461,all,1,synthetic
202567,all,1,synthetic
196810,all,1,synthetic
12286,all,1,synthetic
47342,all,1,synthetic
48270,all,1,synthetic
1055,all,1,synthetic
55662,all,1,synthetic
213258,all,1,synthetic
29914,all,1,synthetic
51630,all,1,synthetic
22620,all,1,synthetic
263420,all,1,synthetic
54909,all,1,synthetic
131221,all,1,synthetic
328546,all,1,synthetic
40275,all,1,synthetic
399436,all,1,synthetic
138636,all,1,synthetic
49475,all,1,synthetic
202442,all,1,synthetic
394667,all,1,synthetic
212414,all,1,synthetic
268508,all,1,synthetic
200474,all,1,synthetic
29435,all,1,synthetic
136247,all,1,synthetic
19231,all,1,synthetic
137044,all,1,synthetic
62384,all,1,synthetic
201216,all,1,synthetic
270657,all,1,synthetic
39698,all,1,synthetic
49582,all,1,synthetic
265521,all,1,synthetic
202253,all,1,synthetic
150554,all,1,synthetic
263325,all,1,synthetic
133658,all,1,synthetic
51833,all,1,synthetic
42446,all,1,synthetic
209316,all,1,synthetic
208606,all,1,synthetic
205889,all,1,synthetic
133740,all,1,synthetic
57860,all,1,synthetic
53552,all,1,synthetic
270439,all,1,synthetic
54465,all,1,synthetic
205247,all,1,synthetic
48815,all,1,synthetic
27326,all,1,synthetic
40988,all,1,synthetic
393586,all,1,synthetic
44569,all,1,synthetic
131637,all,1,synthetic
140706,all,1,synthetic
23938,all,1,synthetic
62130,all,1,synthetic
271448,all,1,synthetic
24370,all,1,synthetic
47255,all,1,synthetic
395828,all,1,synthetic
10448,all,1,synthetic
212752,all,1,synthetic
20306,all,1,synthetic
29242,all,1,synthetic
41728,all,1,synthetic
264625,all,1,synthetic
36119,all,1,synthetic
16733,all,1,synthetic
134140,all,1,synthetic
142580,all,1,synthetic
39888,all,1,synthetic
266652,all,1,synthetic
30020,all,1,synthetic
23517,all,1,synthetic
31023,all,1,synthetic
268459,all,1,synthetic
205787,all,1,synthetic
267631,all,1,synthetic
198927,all,1,synthetic
212206,all,1,synthetic
24879,all,1,synthetic
36204,all,1,synthetic
53418,all,1,synthetic
32039,all,1,synthetic
134534,all,1,synthetic
271776,all,1,synthetic
204464,all,1,synthetic
206778,all,1,synthetic
47766,all,1,synthetic
27583,all,1,synthetic
212020,all,1,synthetic
139943,all,1,synthetic
397405,all,1,synthetic
5386,all,1,synthetic
57910,all,1,synthetic
773,all,1,synthetic
98,all,1,synthetic
29148,all,1,synthetic
7860,all,1,synthetic
33730,all,1,synthetic
267850,all,1,synthetic
44409,all,1,synthetic
51699,all,1,synthetic
31781,all,1,synthetic
26945,all,1,synthetic
146860,all,1,synthetic
149432,all,1,synthetic
60878,all,1,synthetic
32389,all,1,synthetic
265714,all,1,synthetic
135134,all,1,synthetic
201448,all,1,synthetic
53613,all,1,synthetic
205276,all,1,synthetic
34012,all,1,synthetic
10238,all,1,synthetic
131761,all,1,synthetic
29560,all,1,synthetic
263317,all,1,synthetic
395885,all,1,synthetic
209434,all,1,synthetic
14787,all,1,synthetic
271481,all,1,synthetic
13330,all,1,synthetic
27780,all,1,synthetic
138525,all,1,synthetic
140725,all,1,synthetic
146985,all,1,synthetic
212861,all,1,synthetic
271611,all,1,synthetic
30266,all,1,synthetic
51742,all,1,synthetic
202819,all,1,synthetic
37519,all,1,synthetic
206547,all,1,synthetic
265100,all,1,synthetic
37898,all,1,synthetic
37917,all,1,synthetic
51030,all,1,synthetic
13679,all,1,synthetic
46424,all,1,synthetic
393762,all,1,synthetic
135137,all,1,synthetic
210832,all,1,synthetic
204892,all,1,synthetic
328245,all,1,synthetic
264400,all,1,synthetic
9458,all,1,synthetic
18094,all,1,synthetic
61596,all,1,synthetic
199089,all,1,synthetic
44268,all,1,synthetic
54969,all,1,synthetic
64111,all,1,synthetic
135294,all,1,synthetic
267529,all,1,synthetic
201949,all,1,synthetic
264651,all,1,synthetic
15594,all,1,synthetic
133656,all,1,synthetic
394184,all,1,synthetic
199278,all,1,synthetic
395479,all,1,synthetic
10240,all,1,synthetic
9486,all,1,synthetic
49980,all,1,synthetic
211432,all,1,synthetic
38437,all,1,synthetic
205081,all,1,synthetic
38229,all,1,synthetic
43625,all,1,synthetic
51636,all,1,synthetic
63835,all,1,synthetic
58735,all,1,synthetic
44246,all,1,synthetic
57670,all,1,synthetic
205530,all,1,synthetic
14005,all,1,synthetic
40796,all,1,synthetic
45518,all,1,synthetic
197653,all,1,synthetic
36431,all,1,synthetic
62265,all,1,synthetic
28660,all,1,synthetic
44511,all,1,synthetic
200162,all,1,synthetic
62994,all,1,synthetic
50048,all,1,synthetic
393231,all,1,synthetic
11719,all,1,synthetic
38592,all,1,synthetic
149009,all,1,synthetic
135238,all,1,synthetic
201080,all,1,synthetic
209007,all,1,synthetic
264806,all,1,synthetic
30435,all,1,synthetic
327730,all,1,synthetic
397168,all,1,synthetic
48893,all,1,synthetic
270270,all,1,synthetic
134258,all,1,synthetic
329004,all,1,synthetic
396748,all,1,synthetic
2285,all,1,synthetic
31317,all,1,synthetic
137653,all,1,synthetic
201419,all,1,synthetic
54896,all,1,synthetic
10191,all,1,synthetic
140728,all,1,synthetic
213245,all,1,synthetic
266614,all,1,synthetic
46569,all,1,synthetic
5670,all,1,synthetic
396207,all,1,synthetic
35560,all,1,synthetic
140728,all,1,synthetic
133137,all,1,synthetic
46988,all,1,synthetic
48015,all,1,synthetic
399913,all,1,synthetic
41776,all,1,synthetic
25149,all,1,synthetic
28249,all,1,synthetic
60819,all,1,synthetic
137622,all,1,synthetic
203188,all,1,synthetic
400006,all,1,synthetic
137272,all,1,synthetic
48206,all,1,synthetic
24336,all,1,synthetic
270044,all,1,synthetic
51947,all,1,synthetic
47369,all,1,synthetic
62037,all,1,synthetic
139183,all,1,synthetic
206083,all,1,synthetic
63120,all,1,synthetic
206536,all,1,synthetic
202323,all,1,synthetic
51834,all,1,synthetic
327745,all,1,synthetic
39548,all,1,synthetic
61756,all,1,synthetic
12417,all,1,synthetic
61343,all,1,synthetic
33415,all,1,synthetic
58590,all,1,synthetic
397606,all,1,synthetic
62125,all,1,synthetic
135863,all,1,synthetic
396051,all,1,synthetic
208221,all,1,synthetic
137554,all,1,synthetic
205080,all,1,synthetic
209160,all,1,synthetic
50749,all,1,synthetic
43459,all,1,synthetic
2941,all,1,synthetic
137018,all,1,synthetic
197252,all,1,synthetic
203906,all,1,synthetic
61084,all,1,synthetic
53320,all,1,synthetic
31521,all,1,synthetic
21785,all,1,synthetic
138289,all,1,synthetic
397134,all,1,synthetic
43007,all,1,synthetic
207066,all,1,synthetic
208355,all,1,synthetic
31096,all,1,synthetic
399525,all,1,synthetic
60594,all,1,synthetic
56615,all,1,synthetic
395159,all,1,synthetic
136932,all,1,synthetic
52224,all,1,synthetic
132988,all,1,synthetic
206747,all,1,synthetic
210797,all,1,synthetic
55343,all,1,synthetic
4995,all,1,synthetic
397691,all,1,synthetic
26211,all,1,synthetic
395075,all,1,synthetic
25274,all,1,synthetic
393841,all,1,synthetic
211997,all,1,synthetic
328309,all,1,synthetic
135559,all,1,synthetic
204373,all,1,synthetic
14163,all,1,synthetic
13910,all,1,synthetic
51288,all,1,synthetic
208593,all,1,synthetic
269981,all,1,synthetic
456,all,1,synthetic
27001,all,1,synthetic
1567,all,1,synthetic
46052,all,1,synthetic
201013,all,1,synthetic
12208,all,1,synthetic
269294,all,1,synthetic
4961,all,1,synthetic
210465,all,1,synthetic
270450,all,1,synthetic
211232,all,1,synthetic
26450,all,1,synthetic
397880,all,1,synthetic
20585,all,1,synthetic
208476,all,1,synthetic
210341,all,1,synthetic
48501,all,1,synthetic
11933,all,1,synthetic
18650,all,1,synthetic
268660,all,1,synthetic
44119,all,1,synthetic
272120,all,1,synthetic
204770,all,1,synthetic
209235,all,1,synthetic
63749,all,1,synthetic
22600,all,1,synthetic
16978,all,1,synthetic
58346,all,1,synthetic
20437,all,1,synthetic
266775,all,1,synthetic
396151,all,1,synthetic
139510,all,1,synthetic
263450,all,1,synthetic
398172,all,1,synthetic
135730,all,1,synthetic
31531,all,1,synthetic
41895,all,1,synthetic
57160,all,1,synthetic
9078,all,1,synthetic
31712,all,1,synthetic
48564,all,1,synthetic
267523,all,1,synthetic
267160,all,1,synthetic
265884,all,1,synthetic
209521,all,1,synthetic
396895,all,1,synthetic
30477,all,1,synthetic
31245,all,1,synthetic
56017,all,1,synthetic
22934,all,1,synthetic
263266,all,1,synthetic
20665,all,1,synthetic
35560,all,1,synthetic
209646,all,1,synthetic
62821,all,1,synthetic
150461,all,1,synthetic
42435,all,1,synthetic
52375,all,1,synthetic
62743,all,1,synthetic
33539,all,1,synthetic
29651,all,1,synthetic
59951,all,1,synthetic
32431,all,1,synthetic
17381,all,1,synthetic
34192,all,1,synthetic
208468,all,1,synthetic
140168,all,1,synthetic
397715,all,1,synthetic
48594,all,1,synthetic
36500,all,1,synthetic
13812,all,1,synthetic
393333,all,1,synthetic
53363,all,1,synthetic
47086,all,1,synthetic
262638,all,1,synthetic
264727,all,1,synthetic
60078,all,1,synthetic
47931,all,1,synthetic
138509,all,1,synthetic
9955,all,1,synthetic
53970,all,1,synthetic
397849,all,1,synthetic
51608,all,1,synthetic
59115,all,1,synthetic
147199,all,1,synthetic
59402,all,1,synthetic
150669,all,1,synthetic
212963,all,1,synthetic
138758,all,1,synthetic
203398,all,1,synthetic
511,all,1,synthetic
18074,all,1,synthetic
40102,all,1,synthetic
44180,all,1,synthetic
266357,all,1,synthetic
399706,all,1,synthetic
264056,all,1,synthetic
19827,all,1,synthetic
58403,all,1,synthetic
205804,all,1,synthetic
45229,all,1,synthetic
133318,all,1,synthetic
62374,all,1,synthetic
21809,all,1,synthetic
24524,all,1,synthetic
40430,all,1,synthetic
17472,all,1,synthetic
206802,all,1,synthetic
141507,all,1,synthetic
31032,all,1,synthetic
20320,all,1,synthetic
268388,all,1,synthetic
8672,all,1,synthetic
400273,all,1,synthetic
40513,all,1,synthetic
30647,all,1,synthetic
48395,all,1,synthetic
266487,all,1,synthetic
61006,all,1,synthetic
62006,all,1,synthetic
20548,all,1,synthetic
5421,all,1,synthetic
9524,all,1,synthetic
141090,all,1,synthetic
53173,all,1,synthetic
28079,all,1,synthetic
44857,all,1,synthetic
8894,all,1,synthetic
270630,all,1,synthetic
25807,all,1,synthetic
397869,all,1,synthetic
31056,all,1,synthetic
36019,all,1,synthetic
52944,all,1,synthetic
22763,all,1,synthetic
49681,all,1,synthetic
134901,all,1,synthetic
21355,all,1,synthetic
57530,all,1,synthetic
3334,all,1,synthetic
47301,all,1,synthetic
263766,all,1,synthetic
137334,all,1,synthetic
203883,all,1,synthetic
262786,all,1,synthetic
40161,all,1,synthetic
266365,all,1,synthetic
201780,all,1,synthetic
140637,all,1,synthetic
271894,all,1,synthetic
10127,all,1,synthetic
131480,all,1,synthetic
395835,all,1,synthetic
47284,all,1,synthetic
23082,all,1,synthetic
202386,all,1,synthetic
271134,all,1,synthetic
55872,all,1,synthetic
15754,all,1,synthetic
58047,all,1,synthetic
264527,all,1,synthetic
6707,all,1,synthetic
34795,all,1,synthetic
395473,all,1,synthetic
141804,all,1,synthetic
31669,all,1,synthetic
204722,all,1,synthetic
32701,all,1,synthetic
33620,all,1,synthetic
271287,all,1,synthetic
398717,all,1,synthetic
270391,all,1,synthetic
205945,all,1,synthetic
397408,all,1,synthetic
62103,all,1,synthetic
28698,all,1,synthetic
64086,all,1,synthetic
396488,all,1,synthetic
15147,all,1,synthetic
13153,all,1,synthetic
208748,all,1,synthetic
44523,all,1,synthetic
134239,all,1,synthetic
28640,all,1,synthetic
3227,all,1,synthetic
5386,all,1,synthetic
132678,all,1,synthetic
265769,all,1,synthetic
48665,all,1,synthetic
142153,all,1,synthetic
269757,all,1,synthetic
46630,all,1,synthetic
53851,all,1,synthetic
39027,all,1,synthetic
134214,all,1,synthetic
202802,all,1,synthetic
25725,all,1,synthetic
34600,all,1,synthetic
139830,all,1,synthetic
39327,all,1,synthetic
210190,all,1,synthetic
210040,all,1,synthetic
207755,all,1,synthetic
208198,all,1,synthetic
44126,all,1,synthetic
267878,all,1,synthetic
10690,all,1,synthetic
14755,all,1,synthetic
149748,all,1,synthetic
133857,all,1,synthetic
272535,all,1,synthetic
262389,all,1,synthetic
400686,all,1,synthetic
271103,all,1,synthetic
61868,all,1,synthetic
51789,all,1,synthetic
211629,all,1,synthetic
29419,all,1,synthetic
206937,all,1,synthetic
34216,all,1,synthetic
24494,all,1,synthetic
268654,all,1,synthetic
203327,all,1,synthetic
62653,all,1,synthetic
265107,all,1,synthetic
34396,all,1,synthetic
395397,all,1,synthetic
263977,all,1,synthetic
396037,all,1,synthetic
265876,all,1,synthetic
14296,all,1,synthetic
398722,all,1,synthetic
132696,all,1,synthetic
132968,all,1,synthetic
10179,all,1,synthetic
56722,all,1,synthetic
22314,all,1,synthetic
201092,all,1,synthetic
149028,all,1,synthetic
395725,all,1,synthetic
271343,all,1,synthetic
133901,all,1,synthetic
208209,all,1,synthetic
397814,all,1,synthetic
34802,all,1,synthetic
11047,all,1,synthetic
134082,all,1,synthetic
64458,all,1,synthetic
212443,all,1,synthetic
34773,all,1,synthetic
138587,all,1,synthetic
398399,all,1,synthetic
268422,all,1,synthetic
59734,all,1,synthetic
30929,all,1,synthetic
206741,all,1,synthetic
33105,all,1,synthetic
4908,all,1,synthetic
32066,all,1,synthetic
58341,all,1,synthetic
197894,all,1,synthetic
264647,all,1,synthetic
142637,all,1,synthetic
267875,all,1,synthetic
270311,all,1,synthetic
202175,all,1,synthetic
208236,all,1,synthetic
22855,all,1,synthetic
267009,all,1,synthetic
42360,all,1,synthetic
19987,all,1,synthetic
41214,all,1,synthetic
393478,all,1,synthetic
264694,all,1,synthetic
33198,all,1,synthetic
1830,all,1,synthetic
40857,all,1,synthetic
149437,all,1,synthetic
393971,all,1,synthetic
400769,all,1,synthetic
61475,all,1,synthetic
6290,all,1,synthetic
56505,all,1,synthetic
394241,all,1,synthetic
3958,all,1,synthetic
56763,all,1,synthetic
50233,all,1,synthetic
57241,all,1,synthetic
39262,all,1,synthetic
201006,all,1,synthetic
138812,all,1,synthetic
270292,all,1,synthetic
269666,all,1,synthetic
56855,all,1,synthetic
26174,all,1,synthetic
51366,all,1,synthetic
53736,all,1,synthetic
50311,all,1,synthetic
15261,all,1,synthetic
329122,all,1,synthetic
16760,all,1,synthetic
268364,all,1,synthetic
51352,all,1,synthetic
16200,all,1,synthetic
139777,all,1,synthetic
134254,all,1,synthetic
142012,all,1,synthetic
196638,all,1,synthetic
42061,all,1,synthetic
23474,all,1,synthetic
44446,all,1,synthetic
263751,all,1,synthetic
139357,all,1,synthetic
29316,all,1,synthetic
212151,all,1,synthetic
38874,all,1,synthetic
398080,all,1,synthetic
59688,all,1,synthetic
61283,all,1,synthetic
60676,all,1,synthetic
43292,all,1,synthetic
53041,all,1,synthetic
393677,all,1,synthetic
56480,all,1,synthetic
197050,all,1,synthetic
59099,all,1,synthetic
25755,all,1,synthetic
44850,all,1,synthetic
47938,all,1,synthetic
197066,all,1,synthetic
269014,all,1,synthetic
198200,all,1,synthetic
40129,all,1,synthetic
26160,all,1,synthetic
137092,all,1,synthetic
394019,all,1,synthetic
15137,all,1,synthetic
49741,all,1,synthetic
50331,all,1,synthetic
37452,all,1,synthetic
209917,all,1,synthetic
36333,all,1,synthetic
22451,all,1,synthetic
199738,all,1,synthetic
149321,all,1,synthetic
46015,all,1,synthetic
53726,all,1,synthetic
197399,all,1,synthetic
61746,all,1,synthetic
28318,all,1,synthetic
3763,all,1,synthetic
264579,all,1,synthetic
55784,all,1,synthetic
210746,all,1,synthetic
24830,all,1,synthetic
267105,all,1,synthetic
55693,all,1,synthetic
50111,all,1,synthetic
18300,all,1,synthetic
51139,all,1,synthetic
21752,all,1,synthetic
25996,all,1,synthetic
41090,all,1,synthetic
56461,all,1,synthetic
271790,all,1,synthetic
263534,all,1,synthetic
47841,all,1,synthetic
1561,all,1,synthetic
2859,all,1,synthetic
263630,all,1,synthetic
49823,all,1,synthetic
266378,all,1,synthetic
3961,all,1,synthetic
211757,all,1,synthetic
31753,all,1,synthetic
204284,all,1,synthetic
14852,all,1,synthetic
267014,all,1,synthetic
26117,all,1,synthetic
11345,all,1,synthetic
23540,all,1,synthetic
213252,all,1,synthetic
57705,all,1,synthetic
135860,all,1,synthetic
396843,all,1,synthetic
149603,all,1,synthetic
40509,all,1,synthetic
56725,all,1,synthetic
270899,all,1,synthetic
34941,all,1,synthetic
395883,all,1,synthetic
206948,all,1,synthetic
30503,all,1,synthetic
396503,all,1,synthetic
196,all,1,synthetic
139892,all,1,synthetic
201940,all,1,synthetic
39157,all,1,synthetic
56470,all,1,synthetic
9451,all,1,synthetic
4697,all,1,synthetic
198856,all,1,synthetic
197342,all,1,synthetic
17294,all,1,synthetic
394613,all,1,synthetic
64024,all,1,synthetic
141844,all,1,synthetic
61966,all,1,synthetic
52028,all,1,synthetic
141807,all,1,synthetic
267137,all,1,synthetic
207553,all,1,synthetic
45460,all,1,synthetic
47253,all,1,synthetic
267380,all,1,synthetic
271715,all,1,synthetic
45824,all,1,synthetic
264053,all,1,synthetic
63954,all,1,synthetic
56493,all,1,synthetic
132805,all,1,synthetic
208035,all,1,synthetic
264446,all,1,synthetic
136764,all,1,synthetic
134351,all,1,synthetic
140689,all,1,synthetic
394040,all,1,synthetic
25953,all,1,synthetic
56713,all,1,synthetic
136252,all,1,synthetic
134019,all,1,synthetic
37247,all,1,synthetic
131407,all,1,synthetic
22198,all,1,synthetic
205037,all,1,synthetic
8324,all,1,synthetic
212312,all,1,synthetic
60518,all,1,synthetic
43361,all,1,synthetic
18458,all,1,synthetic
52260,all,1,synthetic
34403,all,1,synthetic
55244,all,1,synthetic
30070,all,1,synthetic
37571,all,1,synthetic
1315,all,1,synthetic
57082,all,1,synthetic
395396,all,1,synthetic
51811,all,1,synthetic
44207,all,1,synthetic
60769,all,1,synthetic
20329,all,1,synthetic
52208,all,1,synthetic
14079,all,1,synthetic
138279,all,1,synthetic
265397,all,1,synthetic
212410,all,1,synthetic
211734,all,1,synthetic
14243,all,1,synthetic
43016,all,1,synthetic
23581,all,1,synthetic
211428,all,1,synthetic
207231,all,1,synthetic
44500,all,1,synthetic
10958,all,1,synthetic
51857,all,1,synthetic
135376,all,1,synthetic
206481,all,1,synthetic
204934,all,1,synthetic
23682,all,1,synthetic
11470,all,1,synthetic
262722,all,1,synthetic
328140,all,1,synthetic
42922,all,1,synthetic
209830,all,1,synthetic
26521,all,1,synthetic
47678,all,1,synthetic
23103,all,1,synthetic
61402,all,1,synthetic
45708,all,1,synthetic
213338,all,1,synthetic
393271,all,1,synthetic
8981,all,1,synthetic
2773,all,1,synthetic
270150,all,1,synthetic
207724,all,1,synthetic
209491,all,1,synthetic
7215,all,1,synthetic
209332,all,1,synthetic
197190,all,1,synthetic
61011,all,1,synthetic
57700,all,1,synthetic
132694,all,1,synthetic
138556,all,1,synthetic
136586,all,1,synthetic
209599,all,1,synthetic
11121,all,1,synthetic
132413,all,1,synthetic
50178,all,1,synthetic
10038,all,1,synthetic
138072,all,1,synthetic
38358,all,1,synthetic
62834,all,1,synthetic
46073,all,1,synthetic
58335,all,1,synthetic
149740,all,1,synthetic
19944,all,1,synthetic
32195,all,1,synthetic
18282,all,1,synthetic
54956,all,1,synthetic
209291,all,1,synthetic
40984,all,1,synthetic
8380,all,1,synthetic
18023,all,1,synthetic
12508,all,1,synthetic
61381,all,1,synthetic
62315,all,1,synthetic
199365,all,1,synthetic
57930,all,1,synthetic
140980,all,1,synthetic
400781,all,1,synthetic
207152,all,1,synthetic
42810,all,1,synthetic
26351,all,1,synthetic
209572,all,1,synthetic
42676,all,1,synthetic
30712,all,1,synthetic
46750,all,1,synthetic
63722,all,1,synthetic
15866,all,1,synthetic
394209,all,1,synthetic
40347,all,1,synthetic
208869,all,1,synthetic
51771,all,1,synthetic
48086,all,1,synthetic
139766,all,1,synthetic
7484,all,1,synthetic
56351,all,1,synthetic
17485,all,1,synthetic
204226,all,1,synthetic
150286,all,1,synthetic
328142,all,1,synthetic
207428,all,1,synthetic
398172,all,1,synthetic
33701,all,1,synthetic
57428,all,1,synthetic
33839,all,1,synthetic
398475,all,1,synthetic
64080,all,1,synthetic
53858,all,1,synthetic
210329,all,1,synthetic
141564,all,1,synthetic
197480,all,1,synthetic
207586,all,1,synthetic
48407,all,1,synthetic
208780,all,1,synthetic
17820,all,1,synthetic
203238,all,1,synthetic
38090,all,1,synthetic
46411,all,1,synthetic
398972,all,1,synthetic
132988,all,1,synthetic
393904,all,1,synthetic
17606,all,1,synthetic
59445,all,1,synthetic
5669,all,1,synthetic
60729,all,1,synthetic
47671,all,1,synthetic
28728,all,1,synthetic
203078,all,1,synthetic
133506,all,1,synthetic
397758,all,1,synthetic
328991,all,1,synthetic
270238,all,1,synthetic
141054,all,1,synthetic
23489,all,1,synthetic
394755,all,1,synthetic
35774,all,1,synthetic
268420,all,1,synthetic
395860,all,1,synthetic
399322,all,1,synthetic
5015,all,1,synthetic
276,all,1,synthetic
263018,all,1,synthetic
138122,all,1,synthetic
41184,all,1,synthetic
264877,all,1,synthetic
207601,all,1,synthetic
199396,all,1,synthetic
209206,all,1,synthetic
22512,all,1,synthetic
205483,all,1,synthetic
212999,all,1,synthetic
59666,all,1,synthetic
19259,all,1,synthetic
51093,all,1,synthetic
45255,all,1,synthetic
30116,all,1,synthetic
134601,all,1,synthetic
397023,all,1,synthetic
270120,all,1,synthetic
270692,all,1,synthetic
267737,all,1,synthetic
48966,all,1,synthetic
59604,all,1,synthetic
134043,all,1,synthetic
197536,all,1,synthetic
395981,all,1,synthetic
399159,all,1,synthetic
57441,all,1,synthetic
9562,all,1,synthetic
209588,all,1,synthetic
395740,all,1,synthetic
44478,all,1,synthetic
136339,all,1,synthetic
8457,all,1,synthetic
196869,all,1,synthetic
13631,all,1,synthetic
149435,all,1,synthetic
53484,all,1,synthetic
17901,all,1,synthetic
149326,all,1,synthetic
208331,all,1,synthetic
149969,all,1,synthetic
140962,all,1,synthetic
204998,all,1,synthetic
42033,all,1,synthetic
133520,all,1,synthetic
44451,all,1,synthetic
48937,all,1,synthetic
2149,all,1,synthetic
58712,all,1,synthetic
197160,all,1,synthetic
397774,all,1,synthetic
49411,all,1,synthetic
34462,all,1,synthetic
16652,all,1,synthetic
34628,all,1,synthetic
141236,all,1,synthetic
23961,all,1,synthetic
49916,all,1,synthetic
267672,all,1,synthetic
42261,all,1,synthetic
41381,all,1,synthetic
197331,all,1,synthetic
135197,all,1,synthetic
196845,all,1,synthetic
5088,all,1,synthetic
32118,all,1,synthetic
25667,all,1,synthetic
34010,all,1,synthetic
198162,all,1,synthetic
39046,all,1,synthetic
213309,all,1,synthetic
201224,all,1,synthetic
400776,all,1,synthetic
395279,all,1,synthetic
132516,all,1,synthetic
56566,all,1,synthetic
263364,all,1,synthetic
203610,all,1,synthetic
132817,all,1,synthetic
6143,all,1,synthetic
266090,all,1,synthetic
22230,all,1,synthetic
135972,all,1,synthetic
265467,all,1,synthetic
59944,all,1,synthetic
54377,all,1,synthetic
265704,all,1,synthetic
198320,all,1,synthetic
135998,all,1,synthetic
265580,all,1,synthetic
135404,all,1,synthetic
205157,all,1,synthetic
58561,all,1,synthetic
51192,all,1,synthetic
42770,all,1,synthetic
63603,all,1,synthetic
266631,all,1,synthetic
264088,all,1,synthetic
63412,all,1,synthetic
263012,all,1,synthetic
28595,all,1,synthetic
26086,all,1,synthetic
138918,all,1,synthetic
25545,all,1,synthetic
11350,all,1,synthetic
46878,all,1,synthetic
49787,all,1,synthetic
867,all,1,synthetic
267364,all,1,synthetic
42121,all,1,synthetic
202233,all,1,synthetic
37578,all,1,synthetic
136190,all,1,synthetic
3290,all,1,synthetic
201293,all,1,synthetic
62231,all,1,synthetic
200939,all,1,synthetic
149517,all,1,synthetic
49383,all,1,synthetic
399299,all,1,synthetic
197709,all,1,synthetic
395535,all,1,synthetic
210078,all,1,synthetic
397848,all,1,synthetic
133167,all,1,synthetic
205826,all,1,synthetic
47663,all,1,synthetic
20125,all,1,synthetic
264483,all,1,synthetic
27668,all,1,synthetic
272149,all,1,synthetic
41718,all,1,synthetic
271514,all,1,synthetic
11198,all,1,synthetic
206884,all,1,synthetic
48814,all,1,synthetic
394143,all,1,synthetic
202935,all,1,synthetic
47583,all,1,synthetic
209231,all,1,synthetic
137508,all,1,synthetic
203809,all,1,synthetic
51625,all,1,synthetic
133872,all,1,synthetic
16773,all,1,synthetic
19689,all,1,synthetic
141918,all,1,synthetic
16614,all,1,synthetic
15689,all,1,synthetic
202885,all,1,synthetic
34960,all,1,synthetic
202703,all,1,synthetic
270942,all,1,synthetic
269048,all,1,synthetic
131919,all,1,synthetic
207821,all,1,synthetic
355,all,1,synthetic
135980,all,1,synthetic
63336,all,1,synthetic
50487,all,1,synthetic
132303,all,1,synthetic
197560,all,1,synthetic
38845,all,1,synthetic
133499,all,1,synthetic
60881,all,1,synthetic
400333,all,1,synthetic
46550,all,1,synthetic
60992,all,1,synthetic
51274,all,1,synthetic
27941,all,1,synthetic
132753,all,1,synthetic
32774,all,1,synthetic
206256,all,1,synthetic
23883,all,1,synthetic
17381,all,1,synthetic
1747,all,1,synthetic
7723,all,1,synthetic
40655,all,1,synthetic
135719,all,1,synthetic
30413,all,1,synthetic
50164,all,1,synthetic
41975,all,1,synthetic
32417,all,1,synthetic
32755,all,1,synthetic
35576,all,1,synthetic
263614,all,1,synthetic
29243,all,1,synthetic
9777,all,1,synthetic
266375,all,1,synthetic
269293,all,1,synthetic
198354,all,1,synthetic
149791,all,1,synthetic
203527,all,1,synthetic
5421,all,1,synthetic
394589,all,1,synthetic
46556,all,1,synthetic
35850,all,1,synthetic
16512,all,1,synthetic
264707,all,1,synthetic
23000,all,1,synthetic
62994,all,1,synthetic
210988,all,1,synthetic
137856,all,1,synthetic
202818,all,1,synthetic
265242,all,1,synthetic
54565,all,1,synthetic
1702,all,1,synthetic
31609,all,1,synthetic
202091,all,1,synthetic
29088,all,1,synthetic
207234,all,1,synthetic
54542,all,1,synthetic
9144,all,1,synthetic
141368,all,1,synthetic
24575,all,1,synthetic
30679,all,1,synthetic
44800,all,1,synthetic
149374,all,1,synthetic
19848,all,1,synthetic
398391,all,1,synthetic
208131,all,1,synthetic
4977,all,1,synthetic
47903,all,1,synthetic
59802,all,1,synthetic
48035,all,1,synthetic
58210,all,1,synthetic
13102,all,1,synthetic
210267,all,1,synthetic
132512,all,1,synthetic
269324,all,1,synthetic
20971,all,1,synthetic
48389,all,1,synthetic
264578,all,1,synthetic
266953,all,1,synthetic
51922,all,1,synthetic
149951,all,1,synthetic
55973,all,1,synthetic
395776,all,1,synthetic
270578,all,1,synthetic
46675,all,1,synthetic
141652,all,1,synthetic
32341,all,1,synthetic
29604,all,1,synthetic
4846,all,1,synthetic
54336,all,1,synthetic
51820,all,1,synthetic
60950,all,1,synthetic
41496,all,1,synthetic
138627,all,1,synthetic
10803,all,1,synthetic
14110,all,1,synthetic
133409,all,1,synthetic
40044,all,1,synthetic
197227,all,1,synthetic
1035,all,1,synthetic
203243,all,1,synthetic
56745,all,1,synthetic
54832,all,1,synthetic
135045,all,1,synthetic
269681,all,1,synthetic
210851,all,1,synthetic
200550,all,1,synthetic
30498,all,1,synthetic
201406,all,1,synthetic
204912,all,1,synthetic
24750,all,1,synthetic
7582,all,1,synthetic
23784,all,1,synthetic
52992,all,1,synthetic
206114,all,1,synthetic
328907,all,1,synthetic
57404,all,1,synthetic
21780,all,1,synthetic
203110,all,1,synthetic
18597,all,1,synthetic
25126,all,1,synthetic
209498,all,1,synthetic
268262,all,1,synthetic
211051,all,1,synthetic
149359,all,1,synthetic
196846,all,1,synthetic
52009,all,1,synthetic
271968,all,1,synthetic
311,all,1,synthetic
45237,all,1,synthetic
271211,all,1,synthetic
208336,all,1,synthetic
39404,all,1,synthetic
53155,all,1,synthetic
49333,all,1,synthetic
263282,all,1,synthetic
49130,all,1,synthetic
212736,all,1,synthetic
400289,all,1,synthetic
52402,all,1,synthetic
46761,all,1,synthetic
27604,all,1,synthetic
62495,all,1,synthetic
393882,all,1,synthetic
204283,all,1,synthetic
328201,all,1,synthetic
36316,all,1,synthetic
137952,all,1,synthetic
397554,all,1,synthetic
44353,all,1,synthetic
17901,all,1,synthetic
36731,all,1,synthetic
60754,all,1,synthetic
207055,all,1,synthetic
8484,all,1,synthetic
328826,all,1,synthetic
984,all,1,synthetic
200723,all,1,synthetic
206880,all,1,synthetic
272868,all,1,synthetic
328839,all,1,synthetic
199965,all,1,synthetic
202913,all,1,synthetic
7832,all,1,synthetic
46294,all,1,synthetic
133075,all,1,synthetic
54125,all,1,synthetic
30189,all,1,synthetic
132416,all,1,synthetic
270712,all,1,synthetic
131391,all,1,synthetic
203542,all,1,synthetic
42930,all,1,synthetic
206474,all,1,synthetic
207732,all,1,synthetic
5522,all,1,synthetic
44665,all,1,synthetic
24033,all,1,synthetic
38588,all,1,synthetic
397607,all,1,synthetic
36265,all,1,synthetic
399691,all,1,synthetic
329210,all,1,synthetic
37049,all,1,synthetic
9773,all,1,synthetic
35700,all,1,synthetic
132567,all,1,synthetic
41209,all,1,synthetic
10175,all,1,synthetic
200297,all,1,synthetic
198038,all,1,synthetic
271308,all,1,synthetic
397596,all,1,synthetic
135428,all,1,synthetic
136041,all,1,synthetic
328286,all,1,synthetic
42287,all,1,synthetic
18651,all,1,synthetic
147022,all,1,synthetic
400266,all,1,synthetic
271144,all,1,synthetic
196772,all,1,synthetic
270990,all,1,synthetic
201488,all,1,synthetic
328553,all,1,synthetic
139798,all,1,synthetic
399216,all,1,synthetic
393664,all,1,synthetic
201285,all,1,synthetic
399209,all,1,synthetic
58418,all,1,synthetic
37055,all,1,synthetic
52562,all,1,synthetic
207919,all,1,synthetic
42529,all,1,synthetic
202540,all,1,synthetic
24819,all,1,synthetic
137275,all,1,synthetic
325,all,1,synthetic
15751,all,1,synthetic
198674,all,1,synthetic
22252,all,1,synthetic
15540,all,1,synthetic
37541,all,1,synthetic
209350,all,1,synthetic
38755,all,1,synthetic
4891,all,1,synthetic
398147,all,1,synthetic
43602,all,1,synthetic
15713,all,1,synthetic
26871,all,1,synthetic
28058,all,1,synthetic
58793,all,1,synthetic
147152,all,1,synthetic
208369,all,1,synthetic
57281,all,1,synthetic
36349,all,1,synthetic
203107,all,1,synthetic
26202,all,1,synthetic
266148,all,1,synthetic
139329,all,1,synthetic
61007,all,1,synthetic
29862,all,1,synthetic
268081,all,1,synthetic
35565,all,1,synthetic
49989,all,1,synthetic
27459,all,1,synthetic
206441,all,1,synthetic
32450,all,1,synthetic
26208,all,1,synthetic
29828,all,1,synthetic
59820,all,1,synthetic
18663,all,1,synthetic
201720,all,1,synthetic
267721,all,1,synthetic
20462,all,1,synthetic
33522,all,1,synthetic
24918,all,1,synthetic
17029,all,1,synthetic
12204,all,1,synthetic
210137,all,1,synthetic
37992,all,1,synthetic
400212,all,1,synthetic
135882,all,1,synthetic
28678,all,1,synthetic
268292,all,1,synthetic
212563,all,1,synthetic
212240,all,1,synthetic
8547,all,1,synthetic
47038,all,1,synthetic
51419,all,1,synthetic
38217,all,1,synthetic
36746,all,1,synthetic
264987,all,1,synthetic
52045,all,1,synthetic
5839,all,1,synthetic
395282,all,1,synthetic
204156,all,1,synthetic
15800,all,1,synthetic
211329,all,1,synthetic
212981,all,1,synthetic
43734,all,1,synthetic
395786,all,1,synthetic
137018,all,1,synthetic
13537,all,1,synthetic
395423,all,1,synthetic
269340,all,1,synthetic
62901,all,1,synthetic
26593,all,1,synthetic
147289,all,1,synthetic
395987,all,1,synthetic
135860,all,1,synthetic
131358,all,1,synthetic
7411,all,1,synthetic
46039,all,1,synthetic
208284,all,1,synthetic
13461,all,1,synthetic
271879,all,1,synthetic
13303,all,1,synthetic
393311,all,1,synthetic
204661,all,1,synthetic
199523,all,1,synthetic
266393,all,1,synthetic
142430,all,1,synthetic
16254,all,1,synthetic
207616,all,1,synthetic
266106,all,1,synthetic
64203,all,1,synthetic
267024,all,1,synthetic
28064,all,1,synthetic
59724,all,1,synthetic
46867,all,1,synthetic
149967,all,1,synthetic
269313,all,1,synthetic
53768,all,1,synthetic
197750,all,1,synthetic
51527,all,1,synthetic
48868,all,1,synthetic
45280,all,1,synthetic
136921,all,1,synthetic
209196,all,1,synthetic
141126,all,1,synthetic
19119,all,1,synthetic
52748,all,1,synthetic
269913,all,1,synthetic
50176,all,1,synthetic
135796,all,1,synthetic
269174,all,1,synthetic
50267,all,1,synthetic
542,all,1,synthetic
38683,all,1,synthetic
269800,all,1,synthetic
6712,all,1,synthetic
206011,all,1,synthetic
270063,all,1,synthetic
204358,all,1,synthetic
137309,all,1,synthetic
34322,all,1,synthetic
24515,all,1,synthetic
31147,all,1,synthetic
27725,all,1,synthetic
42934,all,1,synthetic
24127,all,1,synthetic
197422,all,1,synthetic
147278,all,1,synthetic
17421,all,1,synthetic
36301,all,1,synthetic
208296,all,1,synthetic
394728,all,1,synthetic
271537,all,1,synthetic
393594,all,1,synthetic
136256,all,1,synthetic
59617,all,1,synthetic
33533,all,1,synthetic
266926,all,1,synthetic
17858,all,1,synthetic
137392,all,1,synthetic
146928,all,1,synthetic
19836,all,1,synthetic
140151,all,1,synthetic
45594,all,1,synthetic
15238,all,1,synthetic
211454,all,1,synthetic
39833,all,1,synthetic
398786,all,1,synthetic
21326,all,1,synthetic
39460,all,1,synthetic
51240,all,1,synthetic
209283,all,1,synthetic
9893,all,1,synthetic
264477,all,1,synthetic
202072,all,1,synthetic
63843,all,1,synthetic
59765,all,1,synthetic
267550,all,1,synthetic
51581,all,1,synthetic
6103,all,1,synthetic
12736,all,1,synthetic
396514,all,1,synthetic
61905,all,1,synthetic
63364,all,1,synthetic
210692,all,1,synthetic
203786,all,1,synthetic
51914,all,1,synthetic
398665,all,1,synthetic
55504,all,1,synthetic
11850,all,1,synthetic
207093,all,1,synthetic
54481,all,1,synthetic
269491,all,1,synthetic
6481,all,1,synthetic
48312,all,1,synthetic
269859,all,1,synthetic
40721,all,1,synthetic
262230,all,1,synthetic
14601,all,1,synthetic
33168,all,1,synthetic
16987,all,1,synthetic
205449,all,1,synthetic
199233,all,1,synthetic
42254,all,1,synthetic
263134,all,1,synthetic
133841,all,1,synthetic
139626,all,1,synthetic
33303,all,1,synthetic
51317,all,1,synthetic
15480,all,1,synthetic
52090,all,1,synthetic
201277,all,1,synthetic
58658,all,1,synthetic
136612,all,1,synthetic
49218,all,1,synthetic
42558,all,1,synthetic
203561,all,1,synthetic
24361,all,1,synthetic
270882,all,1,synthetic
141486,all,1,synthetic
42383,all,1,synthetic
395943,all,1,synthetic
397314,all,1,synthetic
32971,all,1,synthetic
50499,all,1,synthetic
199513,all,1,synthetic
7034,all,1,synthetic
9342,all,1,synthetic
58282,all,1,synthetic
58049,all,1,synthetic
209960,all,1,synthetic
29166,all,1,synthetic
35038,all,1,synthetic
41182,all,1,synthetic
204253,all,1,synthetic
53791,all,1,synthetic
263497,all,1,synthetic
14102,all,1,synthetic
200470,all,1,synthetic
44447,all,1,synthetic
202463,all,1,synthetic
6102,all,1,synthetic
14368,all,1,synthetic
393473,all,1,synthetic
149374,all,1,synthetic
8694,all,1,synthetic
49041,all,1,synthetic
37006,all,1,synthetic
27963,all,1,synthetic
40933,all,1,synthetic
398187,all,1,synthetic
211566,all,1,synthetic
137671,all,1,synthetic
132044,all,1,synthetic
31460,all,1,synthetic
272174,all,1,synthetic
22300,all,1,synthetic
57510,all,1,synthetic
59928,all,1,synthetic
16686,all,1,synthetic
211379,all,1,synthetic
394989,all,1,synthetic
201450,all,1,synthetic
39066,all,1,synthetic
271927,all,1,synthetic
149264,all,1,synthetic
45050,all,1,synthetic
19477,all,1,synthetic
198653,all,1,synthetic
15102,all,1,synthetic
28316,all,1,synthetic
38589,all,1,synthetic
24509,all,1,synthetic
197557,all,1,synthetic
149621,all,1,synthetic
136732,all,1,synthetic
9869,all,1,synthetic
47780,all,1,synthetic
42834,all,1,synthetic
397242,all,1,synthetic
18663,all,1,synthetic
36234,all,1,synthetic
22848,all,1,synthetic
56142,all,1,synthetic
394754,all,1,synthetic
32626,all,1,synthetic
50595,all,1,synthetic
15844,all,1,synthetic
59348,all,1,synthetic
203541,all,1,synthetic
138636,all,1,synthetic
32269,all,1,synthetic
133094,all,1,synthetic
150137,all,1,synthetic
1126,all,1,synthetic
135206,all,1,synthetic
27441,all,1,synthetic
63475,all,1,synthetic
12456,all,1,synthetic
197579,all,1,synthetic
41280,all,1,synthetic
4855,all,1,synthetic
138606,all,1,synthetic
141372,all,1,synthetic
37522,all,1,synthetic
263532,all,1,synthetic
201375,all,1,synthetic
23770,all,1,synthetic
24921,all,1,synthetic
18978,all,1,synthetic
139539,all,1,synthetic
31298,all,1,synthetic
62224,all,1,synthetic
266444,all,1,synthetic
43361,all,1,synthetic
39684,all,1,synthetic
201195,all,1,synthetic
44504,all,1,synthetic
36642,all,1,synthetic
39643,all,1,synthetic
61322,all,1,synthetic
25215,all,1,synthetic
268945,all,1,synthetic
141004,all,1,synthetic
149315,all,1,synthetic
271022,all,1,synthetic
210759,all,1,synthetic
136157,all,1,synthetic
46341,all,1,synthetic
57536,all,1,synthetic
25323,all,1,synthetic
18886,all,1,synthetic
211832,all,1,synthetic
5036,all,1,synthetic
51428,all,1,synthetic
200310,all,1,synthetic
14809,all,1,synthetic
328894,all,1,synthetic
212923,all,1,synthetic
150452,all,1,synthetic
50590,all,1,synthetic
60177,all,1,synthetic
267434,all,1,synthetic
197257,all,1,synthetic
22013,all,1,synthetic
53976,all,1,synthetic
209636,all,1,synthetic
133305,all,1,synthetic
46565,all,1,synthetic
134346,all,1,synthetic
269438,all,1,synthetic
54424,all,1,synthetic
212462,all,1,synthetic
39071,all,1,synthetic
4991,all,1,synthetic
33796,all,1,synthetic
31011,all,1,synthetic
40554,all,1,synthetic
30527,all,1,synthetic
267257,all,1,synthetic
212498,all,1,synthetic
19239,all,1,synthetic
11152,all,1,synthetic
263859,all,1,synthetic
267040,all,1,synthetic
53335,all,1,synthetic
395209,all,1,synthetic
198347,all,1,synthetic
48694,all,1,synthetic
149965,all,1,synthetic
202150,all,1,synthetic
50352,all,1,synthetic
22664,all,1,synthetic
138544,all,1,synthetic
212483,all,1,synthetic
396287,all,1,synthetic
54163,all,1,synthetic
199945,all,1,synthetic
52745,all,1,synthetic
139997,all,1,synthetic
132057,all,1,synthetic
61805,all,1,synthetic
31393,all,1,synthetic
44232,all,1,synthetic
17874,all,1,synthetic
264958,all,1,synthetic
64416,all,1,synthetic
137610,all,1,synthetic
1342,all,1,synthetic
269961,all,1,synthetic
265983,all,1,synthetic
39689,all,1,synthetic
147113,all,1,synthetic
64272,all,1,synthetic
28275,all,1,synthetic
16635,all,1,synthetic
22010,all,1,synthetic
328652,all,1,synthetic
205372,all,1,synthetic
210593,all,1,synthetic
263104,all,1,synthetic
58256,all,1,synthetic
40051,all,1,synthetic
138996,all,1,synthetic
17278,all,1,synthetic
19690,all,1,synthetic
30116,all,1,synthetic
35542,all,1,synthetic
208446,all,1,synthetic
134784,all,1,synthetic
54221,all,1,synthetic
200490,all,1,synthetic
26064,all,1,synthetic
17487,all,1,synthetic
15245,all,1,synthetic
21423,all,1,synthetic
271407,all,1,synthetic
41969,all,1,synthetic
17594,all,1,synthetic
132802,all,1,synthetic
16147,all,1,synthetic
197340,all,1,synthetic
31259,all,1,synthetic
203385,all,1,synthetic
209068,all,1,synthetic
17010,all,1,synthetic
399233,all,1,synthetic
203171,all,1,synthetic
44165,all,1,synthetic
272868,all,1,synthetic
17381,all,1,synthetic
213358,all,1,synthetic
21271,all,1,synthetic
201839,all,1,synthetic
62678,all,1,synthetic
57248,all,1,synthetic
55289,all,1,synthetic
62161,all,1,synthetic
199673,all,1,synthetic
135039,all,1,synthetic
2129,all,1,synthetic
38475,all,1,synthetic
14527,all,1,synthetic
40645,all,1,synthetic
267935,all,1,synthetic
8092,all,1,synthetic
1086,all,1,synthetic
131812,all,1,synthetic
197620,all,1,synthetic
267341,all,1,synthetic
210732,all,1,synthetic
212945,all,1,synthetic
57564,all,1,synthetic
33907,all,1,synthetic
150378,all,1,synthetic
30787,all,1,synthetic
395749,all,1,synthetic
29394,all,1,synthetic
55746,all,1,synthetic
204295,all,1,synthetic
141131,all,1,synthetic
16957,all,1,synthetic
2845,all,1,synthetic
396100,all,1,synthetic
200498,all,1,synthetic
268258,all,1,synthetic
4264,all,1,synthetic
131586,all,1,synthetic
33927,all,1,synthetic
60964,all,1,synthetic
142044,all,1,synthetic
8580,all,1,synthetic
47772,all,1,synthetic
38813,all,1,synthetic
857,all,1,synthetic
271569,all,1,synthetic
50774,all,1,synthetic
26838,all,1,synthetic
210944,all,1,synthetic
398361,all,1,synthetic
52382,all,1,synthetic
139590,all,1,synthetic
36234,all,1,synthetic
56599,all,1,synthetic
198158,all,1,synthetic
13481,all,1,synthetic
29462,all,1,synthetic
35766,all,1,synthetic
136834,all,1,synthetic
137398,all,1,synthetic
20955,all,1,synthetic
64429,all,1,synthetic
206192,all,1,synthetic
25387,all,1,synthetic
48650,all,1,synthetic
28023,all,1,synthetic
43970,all,1,synthetic
53024,all,1,synthetic
268098,all,1,synthetic
51348,all,1,synthetic
58651,all,1,synthetic
199204,all,1,synthetic
393234,all,1,synthetic
14841,all,1,synthetic
398564,all,1,synthetic
7714,all,1,synthetic
64242,all,1,synthetic
39425,all,1,synthetic
204989,all,1,synthetic
60931,all,1,synthetic
268177,all,1,synthetic
197696,all,1,synthetic
35958,all,1,synthetic
395677,all,1,synthetic
32564,all,1,synthetic
34426,all,1,synthetic
49568,all,1,synthetic
396525,all,1,synthetic
56190,all,1,synthetic
211402,all,1,synthetic
397659,all,1,synthetic
266517,all,1,synthetic
2705,all,1,synthetic
6565,all,1,synthetic
149139,all,1,synthetic
62565,all,1,synthetic
393282,all,1,synthetic
202435,all,1,synthetic
208703,all,1,synthetic
12016,all,1,synthetic
11086,all,1,synthetic
211163,all,1,synthetic
26305,all,1,synthetic
327844,all,1,synthetic
131644,all,1,synthetic
18263,all,1,synthetic
263192,all,1,synthetic
46255,all,1,synthetic
207629,all,1,synthetic
198008,all,1,synthetic
22164,all,1,synthetic
328499,all,1,synthetic
266296,all,1,synthetic
38033,all,1,synthetic
265788,all,1,synthetic
25869,all,1,synthetic
44211,all,1,synthetic
61335,all,1,synthetic
53410,all,1,synthetic
60010,all,1,synthetic
263043,all,1,synthetic
40532,all,1,synthetic
265624,all,1,synthetic
14214,all,1,synthetic
206883,all,1,synthetic
13216,all,1,synthetic
11969,all,1,synthetic
11457,all,1,synthetic
50130,all,1,synthetic
46566,all,1,synthetic
398423,all,1,synthetic
44543,all,1,synthetic
208799,all,1,synthetic
201194,all,1,synthetic
205545,all,1,synthetic
265589,all,1,synthetic
204739,all,1,synthetic
395209,all,1,synthetic
9810,all,1,synthetic
207875,all,1,synthetic
137857,all,1,synthetic
31459,all,1,synthetic
23781,all,1,synthetic
206462,all,1,synthetic
207377,all,1,synthetic
400138,all,1,synthetic
54655,all,1,synthetic
131225,all,1,synthetic
8817,all,1,synthetic
212458,all,1,synthetic
270464,all,1,synthetic
19217,all,1,synthetic
212285,all,1,synthetic
46353,all,1,synthetic
134963,all,1,synthetic
204592,all,1,synthetic
267100,all,1,synthetic
63732,all,1,synthetic
141248,all,1,synthetic
268993,all,1,synthetic
149307,all,1,synthetic
54687,all,1,synthetic
46287,all,1,synthetic
31628,all,1,synthetic
10137,all,1,synthetic
207156,all,1,synthetic
59817,all,1,synthetic
52218,all,1,synthetic
196839,all,1,synthetic
60630,all,1,synthetic
138224,all,1,synthetic
60559,all,1,synthetic
198692,all,1,synthetic
57653,all,1,synthetic
36435,all,1,synthetic
52230,all,1,synthetic
268506,all,1,synthetic
59635,all,1,synthetic
18444,all,1,synthetic
61718,all,1,synthetic
1926,all,1,synthetic
398478,all,1,synthetic
40845,all,1,synthetic
131202,all,1,synthetic
264745,all,1,synthetic
132014,all,1,synthetic
60737,all,1,synthetic
270981,all,1,synthetic
269960,all,1,synthetic
28392,all,1,synthetic
212351,all,1,synthetic
203609,all,1,synthetic
22396,all,1,synthetic
197287,all,1,synthetic
136475,all,1,synthetic
28991,all,1,synthetic
44001,all,1,synthetic
213193,all,1,synthetic
265242,all,1,synthetic
30785,all,1,synthetic
206768,all,1,synthetic
1755,all,1,synthetic
45556,all,1,synthetic
29720,all,1,synthetic
42584,all,1,synthetic
53722,all,1,synthetic
30329,all,1,synthetic
204248,all,1,synthetic
210124,all,1,synthetic
213075,all,1,synthetic
396701,all,1,synthetic
198488,all,1,synthetic
202888,all,1,synthetic
271420,all,1,synthetic
208873,all,1,synthetic
139183,all,1,synthetic
14100,all,1,synthetic
210109,all,1,synthetic
197978,all,1,synthetic
269224,all,1,synthetic
20171,all,1,synthetic
17823,all,1,synthetic
30018,all,1,synthetic
571,all,1,synthetic
139904,all,1,synthetic
265418,all,1,synthetic
60596,all,1,synthetic
135531,all,1,synthetic
262787,all,1,synthetic
394733,all,1,synthetic
60492,all,1,synthetic
198095,all,1,synthetic
38631,all,1,synthetic
208596,all,1,synthetic
7285,all,1,synthetic
23817,all,1,synthetic
57116,all,1,synthetic
23130,all,1,synthetic
9274,all,1,synthetic
43941,all,1,synthetic
266122,all,1,synthetic
135699,all,1,synthetic
17905,all,1,synthetic
265243,all,1,synthetic
36636,all,1,synthetic
40812,all,1,synthetic
136439,all,1,synthetic
22576,all,1,synthetic
28275,all,1,synthetic
30033,all,1,synthetic
36271,all,1,synthetic
31995,all,1,synthetic
266852,all,1,synthetic
15086,all,1,synthetic
49129,all,1,synthetic
197849,all,1,synthetic
38967,all,1,synthetic
9452,all,1,synthetic
397699,all,1,synthetic
9939,all,1,synthetic
28313,all,1,synthetic
42948,all,1,synthetic
10054,all,1,synthetic
398720,all,1,synthetic
269055,all,1,synthetic
25655,all,1,synthetic
270588,all,1,synthetic
55847,all,1,synthetic
29939,all,1,synthetic
196972,all,1,synthetic
57419,all,1,synthetic
205428,all,1,synthetic
397781,all,1,synthetic
395747,all,1,synthetic
142360,all,1,synthetic
395598,all,1,synthetic
28295,all,1,synthetic
212298,all,1,synthetic
135173,all,1,synthetic
39039,all,1,synthetic
17550,all,1,synthetic
135967,all,1,synthetic
269203,all,1,synthetic
267014,all,1,synthetic
47106,all,1,synthetic
41551,all,1,synthetic
39526,all,1,synthetic
400319,all,1,synthetic
395768,all,1,synthetic
26159,all,1,synthetic
197843,all,1,synthetic
11521,all,1,synthetic
18889,all,1,synthetic
7252,all,1,synthetic
206301,all,1,synthetic
328178,all,1,synthetic
262226,all,1,synthetic
49371,all,1,synthetic
263782,all,1,synthetic
49861,all,1,synthetic
57320,all,1,synthetic
203734,all,1,synthetic
52008,all,1,synthetic
199652,all,1,synthetic
61653,all,1,synthetic
10249,all,1,synthetic
395987,all,1,synthetic
56970,all,1,synthetic
40088,all,1,synthetic
149720,all,1,synthetic
141587,all,1,synthetic
28411,all,1,synthetic
20173,all,1,synthetic
202916,all,1,synthetic
267776,all,1,synthetic
206252,all,1,synthetic
54056,all,1,synthetic
150158,all,1,synthetic
45627,all,1,synthetic
212199,all,1,synthetic
142146,all,1,synthetic
33194,all,1,synthetic
43943,all,1,synthetic
212399,all,1,synthetic
138837,all,1,synthetic
201598,all,1,synthetic
47896,all,1,synthetic
39047,all,1,synthetic
28941,all,1,synthetic
396133,all,1,synthetic
20882,all,1,synthetic
14439,all,1,synthetic
210831,all,1,synthetic
40879,all,1,synthetic
201650,all,1,synthetic
203516,all,1,synthetic
208952,all,1,synthetic
16613,all,1,synthetic
24321,all,1,synthetic
48275,all,1,synthetic
23037,all,1,synthetic
271326,all,1,synthetic
59092,all,1,synthetic
41878,all,1,synthetic
40878,all,1,synthetic
54317,all,1,synthetic
269443,all,1,synthetic
206983,all,1,synthetic
36260,all,1,synthetic
52684,all,1,synthetic
45677,all,1,synthetic
46085,all,1,synthetic
271304,all,1,synthetic
267791,all,1,synthetic
37627,all,1,synthetic
14349,all,1,synthetic
28766,all,1,synthetic
138007,all,1,synthetic
25798,all,1,synthetic
266544,all,1,synthetic
56346,all,1,synthetic
2756,all,1,synthetic
210200,all,1,synthetic
45991,all,1,synthetic
141507,all,1,synthetic
42372,all,1,synthetic
398365,all,1,synthetic
137840,all,1,synthetic
52411,all,1,synthetic
266775,all,1,synthetic
22471,all,1,synthetic
51285,all,1,synthetic
208311,all,1,synthetic
202439,all,1,synthetic
28417,all,1,synthetic
201426,all,1,synthetic
138390,all,1,synthetic
265879,all,1,synthetic
212882,all,1,synthetic
59493,all,1,synthetic
46806,all,1,synthetic
42478,all,1,synthetic
22051,all,1,synthetic
204897,all,1,synthetic
200354,all,1,synthetic
36395,all,1,synthetic
15167,all,1,synthetic
51471,all,1,synthetic
55746,all,1,synthetic
149303,all,1,synthetic
62198,all,1,synthetic
136876,all,1,synthetic
17962,all,1,synthetic
200540,all,1,synthetic
8793,all,1,synthetic
23703,all,1,synthetic
56506,all,1,synthetic
269531,all,1,synthetic
6092,all,1,synthetic
138771,all,1,synthetic
394499,all,1,synthetic
62047,all,1,synthetic
328600,all,1,synthetic
56261,all,1,synthetic
5819,all,1,synthetic
44654,all,1,synthetic
28938,all,1,synthetic
270338,all,1,synthetic
204251,all,1,synthetic
197840,all,1,synthetic
207018,all,1,synthetic
40497,all,1,synthetic
201523,all,1,synthetic
263162,all,1,synthetic
20899,all,1,synthetic
205797,all,1,synthetic
44815,all,1,synthetic
15690,all,1,synthetic
8297,all,1,synthetic
15866,all,1,synthetic
37571,all,1,synthetic
21644,all,1,synthetic
56626,all,1,synthetic
150093,all,1,synthetic
267134,all,1,synthetic
204813,all,1,synthetic
50553,all,1,synthetic
211975,all,1,synthetic
132588,all,1,synthetic
202103,all,1,synthetic
1087,all,1,synthetic
268661,all,1,synthetic
36255,all,1,synthetic
8029,all,1,synthetic
328049,all,1,synthetic
150064,all,1,synthetic
204834,all,1,synthetic
53400,all,1,synthetic
200318,all,1,synthetic
201716,all,1,synthetic
62336,all,1,synthetic
56792,all,1,synthetic
258,all,1,synthetic
271295,all,1,synthetic
393571,all,1,synthetic
399496,all,1,synthetic
131286,all,1,synthetic
270259,all,1,synthetic
36615,all,1,synthetic
264756,all,1,synthetic
22803,all,1,synthetic
15131,all,1,synthetic
262738,all,1,synthetic
134760,all,1,synthetic
203184,all,1,synthetic
147140,all,1,synthetic
49469,all,1,synthetic
56585,all,1,synthetic
10215,all,1,synthetic
12372,all,1,synthetic
25451,all,1,synthetic
19074,all,1,synthetic
41037,all,1,synthetic
211468,all,1,synthetic
14958,all,1,synthetic
399124,all,1,synthetic
266309,all,1,synthetic
27583,all,1,synthetic
209989,all,1,synthetic
205771,all,1,synthetic
137120,all,1,synthetic
200333,all,1,synthetic
54763,all,1,synthetic
206627,all,1,synthetic
34789,all,1,synthetic
31745,all,1,synthetic
204626,all,1,synthetic
40854,all,1,synthetic
59288,all,1,synthetic
11387,all,1,synthetic
397570,all,1,synthetic
397351,all,1,synthetic
23411,all,1,synthetic
38999,all,1,synthetic
395733,all,1,synthetic
201336,all,1,synthetic
56722,all,1,synthetic
28301,all,1,synthetic
270151,all,1,synthetic
54273,all,1,synthetic
41215,all,1,synthetic
140764,all,1,synthetic
264352,all,1,synthetic
46928,all,1,synthetic
268335,all,1,synthetic
399467,all,1,synthetic
266700,all,1,synthetic
35398,all,1,synthetic
28939,all,1,synthetic
5581,all,1,synthetic
398880,all,1,synthetic
138807,all,1,synthetic
51270,all,1,synthetic
57885,all,1,synthetic
262646,all,1,synthetic
13627,all,1,synthetic
263855,all,1,synthetic
139302,all,1,synthetic
30312,all,1,synthetic
203772,all,1,synthetic
268803,all,1,synthetic
40063,all,1,synthetic
15008,all,1,synthetic
136852,all,1,synthetic
207247,all,1,synthetic
6337,all,1,synthetic
139383,all,1,synthetic
13063,all,1,synthetic
269228,all,1,synthetic
48739,all,1,synthetic
32424,all,1,synthetic
29246,all,1,synthetic
48895,all,1,synthetic
149503,all,1,synthetic
63234,all,1,synthetic
132193,all,1,synthetic
45906,all,1,synthetic
132908,all,1,synthetic
25040,all,1,synthetic
60099,all,1,synthetic
13992,all,1,synthetic
400541,all,1,synthetic
212036,all,1,synthetic
33099,all,1,synthetic
268361,all,1,synthetic
393653,all,1,synthetic
262590,all,1,synthetic
16477,all,1,synthetic
137340,all,1,synthetic
46010,all,1,synthetic
198393,all,1,synthetic
20343,all,1,synthetic
23558,all,1,synthetic
55182,all,1,synthetic
50586,all,1,synthetic
54663,all,1,synthetic
202786,all,1,synthetic
267785,all,1,synthetic
138991,all,1,synthetic
37603,all,1,synthetic
46636,all,1,synthetic
270421,all,1,synthetic
147055,all,1,synthetic
139756,all,1,synthetic
206941,all,1,synthetic
16758,all,1,synthetic
394349,all,1,synthetic
19775,all,1,synthetic
39409,all,1,synthetic
48303,all,1,synthetic
57002,all,1,synthetic
132102,all,1,synthetic
268203,all,1,synthetic
22897,all,1,synthetic
55588,all,1,synthetic
26231,all,1,synthetic
327803,all,1,synthetic
263036,all,1,synthetic
18925,all,1,synthetic
39745,all,1,synthetic
31836,all,1,synthetic
55673,all,1,synthetic
131360,all,1,synthetic
264400,all,1,synthetic
136842,all,1,synthetic
20173,all,1,synthetic
50352,all,1,synthetic
40153,all,1,synthetic
329010,all,1,synthetic
36977,all,1,synthetic
140980,all,1,synthetic
271618,all,1,synthetic
43510,all,1,synthetic
18612,all,1,synthetic
133130,all,1,synthetic
208907,all,1,synthetic
139959,all,1,synthetic
206460,all,1,synthetic
40863,all,1,synthetic
208456,all,1,synthetic
198730,all,1,synthetic
21228,all,1,synthetic
35504,all,1,synthetic
5425,all,1,synthetic
26812,all,1,synthetic
207452,all,1,synthetic
399640,all,1,synthetic
17195,all,1,synthetic
133789,all,1,synthetic
201157,all,1,synthetic
140598,all,1,synthetic
44749,all,1,synthetic
267505,all,1,synthetic
149377,all,1,synthetic
44476,all,1,synthetic
53670,all,1,synthetic
62456,all,1,synthetic
262576,all,1,synthetic
47640,all,1,synthetic
51661,all,1,synthetic
44148,all,1,synthetic
55951,all,1,synthetic
39457,all,1,synthetic
210034,all,1,synthetic
9847,all,1,synthetic
47856,all,1,synthetic
394052,all,1,synthetic
271301,all,1,synthetic
269607,all,1,synthetic
59882,all,1,synthetic
271338,all,1,synthetic
48563,all,1,synthetic
140917,all,1,synthetic
59518,all,1,synthetic
328448,all,1,synthetic
47259,all,1,synthetic
135393,all,1,synthetic
394660,all,1,synthetic
18899,all,1,synthetic
35339,all,1,synthetic
61152,all,1,synthetic
43937,all,1,synthetic
18478,all,1,synthetic
54138,all,1,synthetic
140085,all,1,synthetic
212473,all,1,synthetic
265873,all,1,synthetic
23879,all,1,synthetic
48587,all,1,synthetic
28848,all,1,synthetic
263553,all,1,synthetic
21009,all,1,synthetic
16895,all,1,synthetic
60795,all,1,synthetic
44979,all,1,synthetic
9179,all,1,synthetic
202329,all,1,synthetic
14572,all,1,synthetic
22863,all,1,synthetic
202543,all,1,synthetic
59708,all,1,synthetic
31590,all,1,synthetic
39567,all,1,synthetic
212479,all,1,synthetic
141058,all,1,synthetic
54765,all,1,synthetic
49956,all,1,synthetic
329068,all,1,synthetic
207176,all,1,synthetic
21170,all,1,synthetic
267167,all,1,synthetic
48482,all,1,synthetic
16498,all,1,synthetic
49328,all,1,synthetic
197114,all,1,synthetic
264862,all,1,synthetic
26906,all,1,synthetic
131599,all,1,synthetic
28499,all,1,synthetic
49055,all,1,synthetic
3297,all,1,synthetic
60844,all,1,synthetic
19970,all,1,synthetic
47367,all,1,synthetic
31837,all,1,synthetic
46539,all,1,synthetic
43236,all,1,synthetic
39437,all,1,synthetic
132290,all,1,synthetic
393685,all,1,synthetic
137877,all,1,synthetic
266157,all,1,synthetic
149181,all,1,synthetic
36595,all,1,synthetic
35553,all,1,synthetic
39268,all,1,synthetic
270613,all,1,synthetic
7492,all,1,synthetic
209667,all,1,synthetic
142051,all,1,synthetic
394204,all,1,synthetic
4857,all,1,synthetic
54168,all,1,synthetic
201152,all,1,synthetic
400167,all,1,synthetic
264128,all,1,synthetic
264917,all,1,synthetic
47369,all,1,synthetic
206845,all,1,synthetic
23660,all,1,synthetic
61082,all,1,synthetic
1617,all,1,synthetic
48892,all,1,synthetic
394265,all,1,synthetic
59254,all,1,synthetic
206110,all,1,synthetic
33170,all,1,synthetic
52293,all,1,synthetic
25806,all,1,synthetic
199900,all,1,synthetic
396855,all,1,synthetic
44333,all,1,synthetic
213211,all,1,synthetic
138685,all,1,synthetic
34133,all,1,synthetic
268255,all,1,synthetic
209582,all,1,synthetic
40016,all,1,synthetic
271152,all,1,synthetic
49865,all,1,synthetic
133548,all,1,synthetic
9655,all,1,synthetic
268291,all,1,synthetic
3644,all,1,synthetic
198932,all,1,synthetic
269602,all,1,synthetic
21469,all,1,synthetic
138240,all,1,synthetic
42411,all,1,synthetic
51578,all,1,synthetic
6,all,1,synthetic
140288,all,1,synthetic
136999,all,1,synthetic
58178,all,1,synthetic
34089,all,1,synthetic
13374,all,1,synthetic
27508,all,1,synthetic
50980,all,1,synthetic
267439,all,1,synthetic
41562,all,1,synthetic
208525,all,1,synthetic
29784,all,1,synthetic
268711,all,1,synthetic
400031,all,1,synthetic
11049,all,1,synthetic
22334,all,1,synthetic
138390,all,1,synthetic
60981,all,1,synthetic
203912,all,1,synthetic
399727,all,1,synthetic
46917,all,1,synthetic
57129,all,1,synthetic
17212,all,1,synthetic
198466,all,1,synthetic
52051,all,1,synthetic
33420,all,1,synthetic
141644,all,1,synthetic
149234,all,1,synthetic
197893,all,1,synthetic
2129,all,1,synthetic
140957,all,1,synthetic
43396,all,1,synthetic
42626,all,1,synthetic
394246,all,1,synthetic
7805,all,1,synthetic
22119,all,1,synthetic
48041,all,1,synthetic
135839,all,1,synthetic
149149,all,1,synthetic
28291,all,1,synthetic
34978,all,1,synthetic
45166,all,1,synthetic
42547,all,1,synthetic
265866,all,1,synthetic
31965,all,1,synthetic
63997,all,1,synthetic
44725,all,1,synthetic
211610,all,1,synthetic
45868,all,1,synthetic
19816,all,1,synthetic
39095,all,1,synthetic
35712,all,1,synthetic
200376,all,1,synthetic
56872,all,1,synthetic
203120,all,1,synthetic
54947,all,1,synthetic
17855,all,1,synthetic
394573,all,1,synthetic
141518,all,1,synthetic
202950,all,1,synthetic
204991,all,1,synthetic
265117,all,1,synthetic
1475,all,1,synthetic
35825,all,1,synthetic
62024,all,1,synthetic
271188,all,1,synthetic
51418,all,1,synthetic
394552,all,1,synthetic
268627,all,1,synthetic
56146,all,1,synthetic
197208,all,1,synthetic
11742,all,1,synthetic
328139,all,1,synthetic
209739,all,1,synthetic
45787,all,1,synthetic
262174,all,1,synthetic
395301,all,1,synthetic
30919,all,1,synthetic
35273,all,1,synthetic
209927,all,1,synthetic
33125,all,1,synthetic
131829,all,1,synthetic
43098,all,1,synthetic
135397,all,1,synthetic
18492,all,1,synthetic
270501,all,1,synthetic
10943,all,1,synthetic
52844,all,1,synthetic
208837,all,1,synthetic
136257,all,1,synthetic
394653,all,1,synthetic
267152,all,1,synthetic
132523,all,1,synthetic
36054,all,1,synthetic
57394,all,1,synthetic
57004,all,1,synthetic
262326,all,1,synthetic
46926,all,1,synthetic
329114,all,1,synthetic
201759,all,1,synthetic
60182,all,1,synthetic
31418,all,1,synthetic
53778,all,1,synthetic
53575,all,1,synthetic
266226,all,1,synthetic
264617,all,1,synthetic
25096,all,1,synthetic
49066,all,1,synthetic
28044,all,1,synthetic
9773,all,1,synthetic
59330,all,1,synthetic
60357,all,1,synthetic
19803,all,1,synthetic
211721,all,1,synthetic
399142,all,1,synthetic
47846,all,1,synthetic
9630,all,1,synthetic
51257,all,1,synthetic
9818,all,1,synthetic
51348,all,1,synthetic
32417,all,1,synthetic
211441,all,1,synthetic
10858,all,1,synthetic
211969,all,1,synthetic
18315,all,1,synthetic
198205,all,1,synthetic
44504,all,1,synthetic
45707,all,1,synthetic
7050,all,1,synthetic
135634,all,1,synthetic
31404,all,1,synthetic
206234,all,1,synthetic
270306,all,1,synthetic
132414,all,1,synthetic
395586,all,1,synthetic
32991,all,1,synthetic
33125,all,1,synthetic
266332,all,1,synthetic
146834,all,1,synthetic
265236,all,1,synthetic
27673,all,1,synthetic
9463,all,1,synthetic
9944,all,1,synthetic
328485,all,1,synthetic
7485,all,1,synthetic
397614,all,1,synthetic
399551,all,1,synthetic
209031,all,1,synthetic
133099,all,1,synthetic
140087,all,1,synthetic
142541,all,1,synthetic
49845,all,1,synthetic
213354,all,1,synthetic
206651,all,1,synthetic
32846,all,1,synthetic
32412,all,1,synthetic
20302,all,1,synthetic
397350,all,1,synthetic
328370,all,1,synthetic
395617,all,1,synthetic
36182,all,1,synthetic
204584,all,1,synthetic
137854,all,1,synthetic
138497,all,1,synthetic
328029,all,1,synthetic
19770,all,1,synthetic
62982,all,1,synthetic
21509,all,1,synthetic
2055,all,1,synthetic
328352,all,1,synthetic
23785,all,1,synthetic
6924,all,1,synthetic
397023,all,1,synthetic
49587,all,1,synthetic
328941,all,1,synthetic
15117,all,1,synthetic
208103,all,1,synthetic
48320,all,1,synthetic
399065,all,1,synthetic
13986,all,1,synthetic
202665,all,1,synthetic
31844,all,1,synthetic
133785,all,1,synthetic
207360,all,1,synthetic
26980,all,1,synthetic
20808,all,1,synthetic
265834,all,1,synthetic
133177,all,1,synthetic
264885,all,1,synthetic
202564,all,1,synthetic
201854,all,1,synthetic
35474,all,1,synthetic
398383,all,1,synthetic
271029,all,1,synthetic
209400,all,1,synthetic
42625,all,1,synthetic
62737,all,1,synthetic
4888,all,1,synthetic
397367,all,1,synthetic
60884,all,1,synthetic
269511,all,1,synthetic
197336,all,1,synthetic
208235,all,1,synthetic
32525,all,1,synthetic
400540,all,1,synthetic
271433,all,1,synthetic
33503,all,1,synthetic
38143,all,1,synthetic
203815,all,1,synthetic
41121,all,1,synthetic
139890,all,1,synthetic
135690,all,1,synthetic
199975,all,1,synthetic
38968,all,1,synthetic
398348,all,1,synthetic
38567,all,1,synthetic
264368,all,1,synthetic
202971,all,1,synthetic
394230,all,1,synthetic
56144,all,1,synthetic
149176,all,1,synthetic
204648,all,1,synthetic
40302,all,1,synthetic
23191,all,1,synthetic
271117,all,1,synthetic
41606,all,1,synthetic
197215,all,1,synthetic
16919,all,1,synthetic
52841,all,1,synthetic
140799,all,1,synthetic
30197,all,1,synthetic
60909,all,1,synthetic
135548,all,1,synthetic
19841,all,1,synthetic
25712,all,1,synthetic
27429,all,1,synthetic
393723,all,1,synthetic
9131,all,1,synthetic
57135,all,1,synthetic
52786,all,1,synthetic
49723,all,1,synthetic
139805,all,1,synthetic
400585,all,1,synthetic
7352,all,1,synthetic
267779,all,1,synthetic
270147,all,1,synthetic
328538,all,1,synthetic
328200,all,1,synthetic
202290,all,1,synthetic
10984,all,1,synthetic
50013,all,1,synthetic
196861,all,1,synthetic
134858,all,1,synthetic
213102,all,1,synthetic
6041,all,1,synthetic
62481,all,1,synthetic
262349,all,1,synthetic
17680,all,1,synthetic
12450,all,1,synthetic
269507,all,1,synthetic
51094,all,1,synthetic
16987,all,1,synthetic
63115,all,1,synthetic
60163,all,1,synthetic
210276,all,1,synthetic
60665,all,1,synthetic
17989,all,1,synthetic
42380,all,1,synthetic
133107,all,1,synthetic
4730,all,1,synthetic
136056,all,1,synthetic
211215,all,1,synthetic
266800,all,1,synthetic
18949,all,1,synthetic
63161,all,1,synthetic
206786,all,1,synthetic
265112,all,1,synthetic
212649,all,1,synthetic
55365,all,1,synthetic
19087,all,1,synthetic
49422,all,1,synthetic
131567,all,1,synthetic
270775,all,1,synthetic
393906,all,1,synthetic
146860,all,1,synthetic
208006,all,1,synthetic
201153,all,1,synthetic
54180,all,1,synthetic
17869,all,1,synthetic
207441,all,1,synthetic
197466,all,1,synthetic
139867,all,1,synthetic
141981,all,1,synthetic
263190,all,1,synthetic
269079,all,1,synthetic
45035,all,1,synthetic
30425,all,1,synthetic
196877,all,1,synthetic
7262,all,1,synthetic
18176,all,1,synthetic
1908,all,1,synthetic
269698,all,1,synthetic
23580,all,1,synthetic
204041,all,1,synthetic
